國小,興雅國小,110,臺北市信義區雅祥里基隆路1段83巷9號,02-2761-8156,25.046751,121.5700216
國小,永春國小,110,臺北市信義區永春里松山路225巷48號,02-2764-1314,25.0446527,121.5790792
國小,光復國小,110,臺北市信義區光復南路271號,02-2758-5076,25.0402704,121.5578527
國小,三興國小,110,臺北市信義區景聯里基隆路2段99號,02-2738-5488,25.029467,121.558267
國小,信義國小,110,臺北市信義區松勤街60號,02-2720-4005,25.0318599,121.563206
國小,吳興國小,110,臺北市信義區松仁路226號,02-2720-0226,25.0257433,121.568716
國小,福德國小,110,臺北市信義區中行里褔德街253號,02-2727-7992,25.0388994,121.5865035
國小,永吉國小,110,臺北市信義區永春里松山路287巷5號,02-8785-8111,25.0430088,121.5798853
國小,博愛國小,110,臺北市信義區松仁路22鄰95巷20號,02-2345-0616,25.0394125,121.5681958
國中,市立興雅國中,110,臺北市信義區松德路168巷15號,02-2723-2771,-,-
國中,市立永吉國中,110,臺北市信義區四育里8鄰松隆路161號,02-2764-9066,-,-
國中,市立?公國中,110,臺北市信義區福德街221巷15號,02-2726-1481,-,-
國中,市立信義國中,110,臺北市信義區松仁路158巷1號,02-2723-6771,-,-
高中,市立松山高中,110,臺北市信義區基隆路一段156號,02-2753-5968,-,-
高中,市立永春高中,110,臺北市信義區松隆里松山路654號,02-2727-2983,-,-
高中,私立祐德中學,110,臺北市信義區忠孝東路5段790巷27號,02-2727-8280,-,-
高職,市立松山家商,110,臺北市信義區松山路655號,02-2726-1118,-,-
高職,市立松山工農,110,臺北市信義區忠孝東路5段236巷15號,02-2722-6616,-,-
高職,私立協和工商,110,臺北市信義區忠孝東路5段790巷27號,02-2726-5775,-,-
