國小,松山國小,105,臺北市松山區八德路四段746號,02-2767-2907,25.0500085,121.5774764
國小,西松國小,105,臺北市松山區東光里三民路5號,02-2760-9221,25.0522116,121.5636714
國小,敦化國小,105,臺北市松山區中正里敦化北路2號,02-2741-4065,25.049216,121.548605
國小,民生國小,105,臺北市松山區敦化北路199巷18號,02-2712-2452,25.0565153,121.5521795
國小,民權國小,105,臺北市松山區民權東路四段200號,02-2765-2327,25.0625251,121.562292
國小,民族國小,105,臺北市松山區民生東路4段97巷7號,02-2712-4872,25.0594726,121.5518154
國小,三民國小,105,臺北市松山區莊敬里民權東路五段1號,02-2764-6080,25.0631782,121.5642857
國小,健康國小,105,臺北市松山區延壽街168號,02-2528-2814,25.0566674,121.5627846
國中,市立介壽國中,105,臺北市松山區介壽里延壽街401號,02-2767-4496,-,-
國中,市立民生國中,105,臺北市松山區新東里新東街30巷1號,02-2765-3433,-,-
國中,市立中山國中,105,臺北市松山區復興北路361巷7號,02-2712-6701,-,-
國中,市立敦化國中,105,臺北市松山區南京東路三段300號,02-8771-7890,-,-
高中,市立西松高中,105,臺北市松山區鵬程里健康路325巷7號,02-2528-6618,-,-
高職,私立育達家商,105,臺北市松山區美仁里寧安街12號,02-2570-6767,-,-
